QTYPE,group0
bf16,404
iq1_bn,13.884127
iq1_kt,0.586868
iq2_bn,14.272700
iq2_k,0.284751
iq2_kl,0.185507
iq2_ks,0.401179
iq2_kt,0.309234
iq3_k,0.054513
iq3_ks,0.079621
iq3_s,0.075309
iq3_xxs,0.124390
iq4_k,0.014054
iq4_ks,0.018210
iq4_kss,0.027846
iq4_kt,0.025426
iq4_xs,0.019297
iq5_k,0.005316
iq5_ks,0.006401
iq6_k,0.003060
q2_K,0.262157
q3_K,0.069679
q4_0,0.025014
q4_1,0.019444
q4_K,0.018891
q5_0,0.008270
q5_1,0.006843
q6_0,0.003859
q6_K,0.003364
q8_0,0
