QTYPE,group0
bf16,404
iq1_bn,14.091151
iq1_kt,0.612531
iq2_bn,13.808440
iq2_k,0.290294
iq2_kl,0.188662
iq2_ks,0.423104
iq2_kt,0.322424
iq3_k,0.056392
iq3_ks,0.083249
iq3_s,0.077345
iq3_xxs,0.126119
iq4_k,0.014500
iq4_ks,0.019100
iq4_kss,0.028930
iq4_kt,0.024830
iq4_xs,0.019601
iq5_k,0.005572
iq5_ks,0.006594
iq6_k,0.003112
q2_K,0.281125
q3_K,0.070498
q4_0,0.026212
q4_1,0.019906
q4_K,0.018967
q5_0,0.008383
q5_1,0.007166
q6_0,0.003925
q6_K,0.003434
q8_0,0
