QTYPE,group0
bf16,404
iq1_kt,0.777884
iq1_m,1.561863
iq1_s,2.747386
iq2_k,0.298689
iq2_kl,0.176959
iq2_ks,0.422451
iq2_kt,0.360930
iq2_s,12.874496
iq2_xs,0.424801
iq2_xxs,0.996697
iq3_k,0.067561
iq3_ks,0.086742
iq3_kt,0.254377
iq3_s,0.672886
iq3_xxs,0.130917
iq4_k,0.032368
iq4_ks,0.034315
iq4_kss,0.043842
iq4_kt,0.040870
iq4_nl,404
iq4_xs,0.035667
q2_K,0.292384
q3_K,0.082234
q4_0,0
q4_K,0.032803
q8_0,404
